<?xml version="1.0"?>
<PatchProductXML xmlns:xsd="http://www.w3.org/2001/XMLSchema" xmlns:xsi="http://www.w3.org/2001/XMLSchema-instance" Prod_ID="3972" Revision="2">
  <Name>glibc 2.x Redhat</Name>
  <Vendor>Redhat</Vendor>
  <Version />
  <DetectedByFiles />
  <DetectedByRegs />
  <DetectedByRPMs>
    <RPM>
      <filename>glibc</filename>
      <minVersion>2.0</minVersion>
      <maxVersion>2.999</maxVersion>
    </RPM>
  </DetectedByRPMs>
  <DetectedByBundles />
</PatchProductXML>