<?xml version="1.0"?>
<PatchProductXML xmlns:xsi="http://www.w3.org/2001/XMLSchema-instance" xmlns:xsd="http://www.w3.org/2001/XMLSchema" Prod_ID="53073" Revision="1">
  <Name>chromium-browser 59.x Redhat</Name>
  <Vendor>Redhat</Vendor>
  <Version />
  <DetectedByFiles />
  <DetectedByRegs />
  <DetectedByRPMs>
    <RPM>
      <filename>chromium-browser</filename>
      <minVersion>59.0</minVersion>
      <maxVersion>59.999</maxVersion>
    </RPM>
  </DetectedByRPMs>
  <DetectedByBundles />
</PatchProductXML>