<?xml version="1.0"?>
<Vulnerability xmlns:xsi="http://www.w3.org/2001/XMLSchema-instance" xmlns:xsd="http://www.w3.org/2001/XMLSchema" Lang="INTL" Vul_ID="RHSA-2017-1480" Revision="1" CVE_ID="CVE-2017-1000366">
  <Status>Enabled</Status>
  <Patches>
    <Patch UniqueFilename="*glibc-2.12-1.209.el6_9.2.i686.rpm" Silent="CRSNo" Reboot="RNo" Download="DManual">
      <Name>glibc-2.12-1.209.el6_9.2.i686.rpm</Name>
      <Comments />
      <URL />
      <State>Enabled</State>
      <Files>
        <File>
          <Path>glibc::i686</Path>
          <FileDate>0001-01-01T00:00:00.0000000</FileDate>
          <FileSize>0</FileSize>
          <Checksum>5f914cdf507cdeefdd5eb794227cc12b</Checksum>
          <Version>2.12-1.209.el6_9.2</Version>
          <CommandID>e</CommandID>
          <Flags>P</Flags>
        </File>
      </Files>
      <Products>
        <ID>3972</ID>
      </Products>
      <Platforms>
        <ID>rhel6_x86_64</ID>
        <ID>rhel6</ID>
      </Platforms>
      <CustVars />
      <Cmds>
        <Cmd Type="shellscript">
          <Args>
            <Arg N="scriptcode" V="#!/bin/bash&#xA;&#xA;function updatepk()&#xA;{&#xA; if [ ! -z $1 ]; then&#xA;   if [ -e /var/run/yum.pid ];then &#xA;    exit 10  &#xA;   fi&#xA;   result=`yum -y update $1 2&gt;&amp;1` &#xA;   status=$? &#xA;   commandexist=`echo $result | grep -E &quot;yum: command not found&quot;`&#xA;   if [ &quot;$commandexist&quot; != &quot;&quot; ]; then&#xA;     exit 8&#xA;   fi&#xA;   &#xA;    commandexist=`echo $result | grep -E &quot;yum: No such file or directory&quot;`&#xA;   if [ &quot;$commandexist&quot; != &quot;&quot; ]; then&#xA;     exit 8&#xA;   fi&#xA;   &#xA;   islock=`echo $result | grep -E &quot;lock /var/run/yum.pid&quot;`&#xA;   &#xA;   if [ &quot;$islock&quot; != &quot;&quot; ]; then&#xA;     exit 10&#xA;   fi&#xA;   &#xA;   islock=`echo $result | grep -E &quot;/var/run/yum.pid: another copy is running&quot;`&#xA;   &#xA;   if [ &quot;$islock&quot; != &quot;&quot; ]; then&#xA;     exit 10&#xA;   fi&#xA;   &#xA;   isnotconnected=`echo $result | grep -E &quot;There was an error communicating with RHN&quot;`&#xA;   if [ &quot;$isnotconnected&quot; != &quot;&quot; ]; then&#xA;     exit 9&#xA;   fi&#xA;   &#xA;   isnotconnected=`echo $result | grep -E &quot;This system is not registered with RHN&quot;`&#xA;   if [ &quot;$isnotconnected&quot; != &quot;&quot; ]; then&#xA;     exit 9&#xA;   fi&#xA;   &#xA;    isnotconnected=`echo $result | grep -E &quot;No Repositories Available to Set Up&quot;`&#xA;   if [ &quot;$isnotconnected&quot; != &quot;&quot; ]; then&#xA;     exit 9&#xA;   fi&#xA;    isnotconnected=`echo $result | grep -E &quot;Error Class Code: 9 Error Class Info: Invalid System Credentials&quot;`&#xA;   if [ &quot;$isnotconnected&quot; != &quot;&quot; ]; then&#xA;     exit 9&#xA;   fi&#xA;    isscriptletfailed=`echo $result | grep -E &quot;error:&quot; | grep -E &quot;scriptlet failed, exit status 255&quot;`&#xA;    if [ &quot;$isscriptletfailed&quot; != &quot;&quot; ]; then&#xA;     exit 6&#xA;   fi&#xA;   if [ $status -ne 0 ];then&#xA;     exit 7&#xA;   fi &#xA; fi&#xA;}&#xA;updatepk glibc  &#xA;&#xA;exit 0" />
          </Args>
        </Cmd>
      </Cmds>
    </Patch>
    <Patch UniqueFilename="*glibc-2.12-1.209.el6_9.2.x86_64.rpm" Silent="CRSNo" Reboot="RNo" Download="DManual">
      <Name>glibc-2.12-1.209.el6_9.2.x86_64.rpm</Name>
      <Comments />
      <URL />
      <State>Enabled</State>
      <Files>
        <File>
          <Path>glibc::x86_64</Path>
          <FileDate>0001-01-01T00:00:00.0000000</FileDate>
          <FileSize>0</FileSize>
          <Checksum>eae5483ee20ecde99f9d0fb6013da043</Checksum>
          <Version>2.12-1.209.el6_9.2</Version>
          <CommandID>e</CommandID>
          <Flags>P</Flags>
        </File>
      </Files>
      <Products>
        <ID>3972</ID>
      </Products>
      <Platforms>
        <ID>rhel6_x86_64</ID>
      </Platforms>
      <CustVars />
      <Cmds>
        <Cmd Type="shellscript">
          <Args>
            <Arg N="scriptcode" V="#!/bin/bash&#xA;&#xA;function updatepk()&#xA;{&#xA; if [ ! -z $1 ]; then&#xA;   if [ -e /var/run/yum.pid ];then &#xA;    exit 10  &#xA;   fi&#xA;   result=`yum -y update $1 2&gt;&amp;1` &#xA;   status=$? &#xA;   commandexist=`echo $result | grep -E &quot;yum: command not found&quot;`&#xA;   if [ &quot;$commandexist&quot; != &quot;&quot; ]; then&#xA;     exit 8&#xA;   fi&#xA;   &#xA;    commandexist=`echo $result | grep -E &quot;yum: No such file or directory&quot;`&#xA;   if [ &quot;$commandexist&quot; != &quot;&quot; ]; then&#xA;     exit 8&#xA;   fi&#xA;   &#xA;   islock=`echo $result | grep -E &quot;lock /var/run/yum.pid&quot;`&#xA;   &#xA;   if [ &quot;$islock&quot; != &quot;&quot; ]; then&#xA;     exit 10&#xA;   fi&#xA;   &#xA;   islock=`echo $result | grep -E &quot;/var/run/yum.pid: another copy is running&quot;`&#xA;   &#xA;   if [ &quot;$islock&quot; != &quot;&quot; ]; then&#xA;     exit 10&#xA;   fi&#xA;   &#xA;   isnotconnected=`echo $result | grep -E &quot;There was an error communicating with RHN&quot;`&#xA;   if [ &quot;$isnotconnected&quot; != &quot;&quot; ]; then&#xA;     exit 9&#xA;   fi&#xA;   &#xA;   isnotconnected=`echo $result | grep -E &quot;This system is not registered with RHN&quot;`&#xA;   if [ &quot;$isnotconnected&quot; != &quot;&quot; ]; then&#xA;     exit 9&#xA;   fi&#xA;   &#xA;    isnotconnected=`echo $result | grep -E &quot;No Repositories Available to Set Up&quot;`&#xA;   if [ &quot;$isnotconnected&quot; != &quot;&quot; ]; then&#xA;     exit 9&#xA;   fi&#xA;    isnotconnected=`echo $result | grep -E &quot;Error Class Code: 9 Error Class Info: Invalid System Credentials&quot;`&#xA;   if [ &quot;$isnotconnected&quot; != &quot;&quot; ]; then&#xA;     exit 9&#xA;   fi&#xA;    isscriptletfailed=`echo $result | grep -E &quot;error:&quot; | grep -E &quot;scriptlet failed, exit status 255&quot;`&#xA;    if [ &quot;$isscriptletfailed&quot; != &quot;&quot; ]; then&#xA;     exit 6&#xA;   fi&#xA;   if [ $status -ne 0 ];then&#xA;     exit 7&#xA;   fi &#xA; fi&#xA;}&#xA;updatepk glibc  &#xA;&#xA;exit 0" />
          </Args>
        </Cmd>
      </Cmds>
    </Patch>
    <Patch UniqueFilename="*glibc-common-2.12-1.209.el6_9.2.i686.rpm" Silent="CRSNo" Reboot="RNo" Download="DManual">
      <Name>glibc-common-2.12-1.209.el6_9.2.i686.rpm</Name>
      <Comments />
      <URL />
      <State>Enabled</State>
      <Files>
        <File>
          <Path>glibc-common::i686</Path>
          <FileDate>0001-01-01T00:00:00.0000000</FileDate>
          <FileSize>0</FileSize>
          <Checksum>5604b49c5f7ee336f6dd911e711dbbd8</Checksum>
          <Version>2.12-1.209.el6_9.2</Version>
          <CommandID>e</CommandID>
          <Flags>P</Flags>
        </File>
      </Files>
      <Products>
        <ID>9602</ID>
      </Products>
      <Platforms>
        <ID>rhel6</ID>
      </Platforms>
      <CustVars />
      <Cmds>
        <Cmd Type="shellscript">
          <Args>
            <Arg N="scriptcode" V="#!/bin/bash&#xA;&#xA;function updatepk()&#xA;{&#xA; if [ ! -z $1 ]; then&#xA;   if [ -e /var/run/yum.pid ];then &#xA;    exit 10  &#xA;   fi&#xA;   result=`yum -y update $1 2&gt;&amp;1` &#xA;   status=$? &#xA;   commandexist=`echo $result | grep -E &quot;yum: command not found&quot;`&#xA;   if [ &quot;$commandexist&quot; != &quot;&quot; ]; then&#xA;     exit 8&#xA;   fi&#xA;   &#xA;    commandexist=`echo $result | grep -E &quot;yum: No such file or directory&quot;`&#xA;   if [ &quot;$commandexist&quot; != &quot;&quot; ]; then&#xA;     exit 8&#xA;   fi&#xA;   &#xA;   islock=`echo $result | grep -E &quot;lock /var/run/yum.pid&quot;`&#xA;   &#xA;   if [ &quot;$islock&quot; != &quot;&quot; ]; then&#xA;     exit 10&#xA;   fi&#xA;   &#xA;   islock=`echo $result | grep -E &quot;/var/run/yum.pid: another copy is running&quot;`&#xA;   &#xA;   if [ &quot;$islock&quot; != &quot;&quot; ]; then&#xA;     exit 10&#xA;   fi&#xA;   &#xA;   isnotconnected=`echo $result | grep -E &quot;There was an error communicating with RHN&quot;`&#xA;   if [ &quot;$isnotconnected&quot; != &quot;&quot; ]; then&#xA;     exit 9&#xA;   fi&#xA;   &#xA;   isnotconnected=`echo $result | grep -E &quot;This system is not registered with RHN&quot;`&#xA;   if [ &quot;$isnotconnected&quot; != &quot;&quot; ]; then&#xA;     exit 9&#xA;   fi&#xA;   &#xA;    isnotconnected=`echo $result | grep -E &quot;No Repositories Available to Set Up&quot;`&#xA;   if [ &quot;$isnotconnected&quot; != &quot;&quot; ]; then&#xA;     exit 9&#xA;   fi&#xA;    isnotconnected=`echo $result | grep -E &quot;Error Class Code: 9 Error Class Info: Invalid System Credentials&quot;`&#xA;   if [ &quot;$isnotconnected&quot; != &quot;&quot; ]; then&#xA;     exit 9&#xA;   fi&#xA;    isscriptletfailed=`echo $result | grep -E &quot;error:&quot; | grep -E &quot;scriptlet failed, exit status 255&quot;`&#xA;    if [ &quot;$isscriptletfailed&quot; != &quot;&quot; ]; then&#xA;     exit 6&#xA;   fi&#xA;   if [ $status -ne 0 ];then&#xA;     exit 7&#xA;   fi &#xA; fi&#xA;}&#xA;updatepk glibc-common  &#xA;&#xA;exit 0" />
          </Args>
        </Cmd>
      </Cmds>
    </Patch>
    <Patch UniqueFilename="*glibc-common-2.12-1.209.el6_9.2.x86_64.rpm" Silent="CRSNo" Reboot="RNo" Download="DManual">
      <Name>glibc-common-2.12-1.209.el6_9.2.x86_64.rpm</Name>
      <Comments />
      <URL />
      <State>Enabled</State>
      <Files>
        <File>
          <Path>glibc-common::x86_64</Path>
          <FileDate>0001-01-01T00:00:00.0000000</FileDate>
          <FileSize>0</FileSize>
          <Checksum>d1274ed330fc303ee0681cf171e3404d</Checksum>
          <Version>2.12-1.209.el6_9.2</Version>
          <CommandID>e</CommandID>
          <Flags>P</Flags>
        </File>
      </Files>
      <Products>
        <ID>9602</ID>
      </Products>
      <Platforms>
        <ID>rhel6_x86_64</ID>
      </Platforms>
      <CustVars />
      <Cmds>
        <Cmd Type="shellscript">
          <Args>
            <Arg N="scriptcode" V="#!/bin/bash&#xA;&#xA;function updatepk()&#xA;{&#xA; if [ ! -z $1 ]; then&#xA;   if [ -e /var/run/yum.pid ];then &#xA;    exit 10  &#xA;   fi&#xA;   result=`yum -y update $1 2&gt;&amp;1` &#xA;   status=$? &#xA;   commandexist=`echo $result | grep -E &quot;yum: command not found&quot;`&#xA;   if [ &quot;$commandexist&quot; != &quot;&quot; ]; then&#xA;     exit 8&#xA;   fi&#xA;   &#xA;    commandexist=`echo $result | grep -E &quot;yum: No such file or directory&quot;`&#xA;   if [ &quot;$commandexist&quot; != &quot;&quot; ]; then&#xA;     exit 8&#xA;   fi&#xA;   &#xA;   islock=`echo $result | grep -E &quot;lock /var/run/yum.pid&quot;`&#xA;   &#xA;   if [ &quot;$islock&quot; != &quot;&quot; ]; then&#xA;     exit 10&#xA;   fi&#xA;   &#xA;   islock=`echo $result | grep -E &quot;/var/run/yum.pid: another copy is running&quot;`&#xA;   &#xA;   if [ &quot;$islock&quot; != &quot;&quot; ]; then&#xA;     exit 10&#xA;   fi&#xA;   &#xA;   isnotconnected=`echo $result | grep -E &quot;There was an error communicating with RHN&quot;`&#xA;   if [ &quot;$isnotconnected&quot; != &quot;&quot; ]; then&#xA;     exit 9&#xA;   fi&#xA;   &#xA;   isnotconnected=`echo $result | grep -E &quot;This system is not registered with RHN&quot;`&#xA;   if [ &quot;$isnotconnected&quot; != &quot;&quot; ]; then&#xA;     exit 9&#xA;   fi&#xA;   &#xA;    isnotconnected=`echo $result | grep -E &quot;No Repositories Available to Set Up&quot;`&#xA;   if [ &quot;$isnotconnected&quot; != &quot;&quot; ]; then&#xA;     exit 9&#xA;   fi&#xA;    isnotconnected=`echo $result | grep -E &quot;Error Class Code: 9 Error Class Info: Invalid System Credentials&quot;`&#xA;   if [ &quot;$isnotconnected&quot; != &quot;&quot; ]; then&#xA;     exit 9&#xA;   fi&#xA;    isscriptletfailed=`echo $result | grep -E &quot;error:&quot; | grep -E &quot;scriptlet failed, exit status 255&quot;`&#xA;    if [ &quot;$isscriptletfailed&quot; != &quot;&quot; ]; then&#xA;     exit 6&#xA;   fi&#xA;   if [ $status -ne 0 ];then&#xA;     exit 7&#xA;   fi &#xA; fi&#xA;}&#xA;updatepk glibc-common  &#xA;&#xA;exit 0" />
          </Args>
        </Cmd>
      </Cmds>
    </Patch>
    <Patch UniqueFilename="*glibc-debuginfo-2.12-1.209.el6_9.2.i686.rpm" Silent="CRSNo" Reboot="RNo" Download="DManual">
      <Name>glibc-debuginfo-2.12-1.209.el6_9.2.i686.rpm</Name>
      <Comments />
      <URL />
      <State>Enabled</State>
      <Files>
        <File>
          <Path>glibc-debuginfo::i686</Path>
          <FileDate>0001-01-01T00:00:00.0000000</FileDate>
          <FileSize>0</FileSize>
          <Checksum>745481aa5fbae2d9bcd59dda416da625</Checksum>
          <Version>2.12-1.209.el6_9.2</Version>
          <CommandID>e</CommandID>
          <Flags>P</Flags>
        </File>
      </Files>
      <Products>
        <ID>18688</ID>
      </Products>
      <Platforms>
        <ID>rhel6_x86_64</ID>
        <ID>rhel6</ID>
      </Platforms>
      <CustVars />
      <Cmds>
        <Cmd Type="shellscript">
          <Args>
            <Arg N="scriptcode" V="#!/bin/bash&#xA;&#xA;function updatepk()&#xA;{&#xA; if [ ! -z $1 ]; then&#xA;   if [ -e /var/run/yum.pid ];then &#xA;    exit 10  &#xA;   fi&#xA;   result=`yum -y update $1 2&gt;&amp;1` &#xA;   status=$? &#xA;   commandexist=`echo $result | grep -E &quot;yum: command not found&quot;`&#xA;   if [ &quot;$commandexist&quot; != &quot;&quot; ]; then&#xA;     exit 8&#xA;   fi&#xA;   &#xA;    commandexist=`echo $result | grep -E &quot;yum: No such file or directory&quot;`&#xA;   if [ &quot;$commandexist&quot; != &quot;&quot; ]; then&#xA;     exit 8&#xA;   fi&#xA;   &#xA;   islock=`echo $result | grep -E &quot;lock /var/run/yum.pid&quot;`&#xA;   &#xA;   if [ &quot;$islock&quot; != &quot;&quot; ]; then&#xA;     exit 10&#xA;   fi&#xA;   &#xA;   islock=`echo $result | grep -E &quot;/var/run/yum.pid: another copy is running&quot;`&#xA;   &#xA;   if [ &quot;$islock&quot; != &quot;&quot; ]; then&#xA;     exit 10&#xA;   fi&#xA;   &#xA;   isnotconnected=`echo $result | grep -E &quot;There was an error communicating with RHN&quot;`&#xA;   if [ &quot;$isnotconnected&quot; != &quot;&quot; ]; then&#xA;     exit 9&#xA;   fi&#xA;   &#xA;   isnotconnected=`echo $result | grep -E &quot;This system is not registered with RHN&quot;`&#xA;   if [ &quot;$isnotconnected&quot; != &quot;&quot; ]; then&#xA;     exit 9&#xA;   fi&#xA;   &#xA;    isnotconnected=`echo $result | grep -E &quot;No Repositories Available to Set Up&quot;`&#xA;   if [ &quot;$isnotconnected&quot; != &quot;&quot; ]; then&#xA;     exit 9&#xA;   fi&#xA;    isnotconnected=`echo $result | grep -E &quot;Error Class Code: 9 Error Class Info: Invalid System Credentials&quot;`&#xA;   if [ &quot;$isnotconnected&quot; != &quot;&quot; ]; then&#xA;     exit 9&#xA;   fi&#xA;    isscriptletfailed=`echo $result | grep -E &quot;error:&quot; | grep -E &quot;scriptlet failed, exit status 255&quot;`&#xA;    if [ &quot;$isscriptletfailed&quot; != &quot;&quot; ]; then&#xA;     exit 6&#xA;   fi&#xA;   if [ $status -ne 0 ];then&#xA;     exit 7&#xA;   fi &#xA; fi&#xA;}&#xA;updatepk glibc-debuginfo  &#xA;&#xA;exit 0" />
          </Args>
        </Cmd>
      </Cmds>
    </Patch>
    <Patch UniqueFilename="*glibc-debuginfo-2.12-1.209.el6_9.2.x86_64.rpm" Silent="CRSNo" Reboot="RNo" Download="DManual">
      <Name>glibc-debuginfo-2.12-1.209.el6_9.2.x86_64.rpm</Name>
      <Comments />
      <URL />
      <State>Enabled</State>
      <Files>
        <File>
          <Path>glibc-debuginfo::x86_64</Path>
          <FileDate>0001-01-01T00:00:00.0000000</FileDate>
          <FileSize>0</FileSize>
          <Checksum>c7b6cb71e8128187c27d663d30833fa1</Checksum>
          <Version>2.12-1.209.el6_9.2</Version>
          <CommandID>e</CommandID>
          <Flags>P</Flags>
        </File>
      </Files>
      <Products>
        <ID>18688</ID>
      </Products>
      <Platforms>
        <ID>rhel6_x86_64</ID>
      </Platforms>
      <CustVars />
      <Cmds>
        <Cmd Type="shellscript">
          <Args>
            <Arg N="scriptcode" V="#!/bin/bash&#xA;&#xA;function updatepk()&#xA;{&#xA; if [ ! -z $1 ]; then&#xA;   if [ -e /var/run/yum.pid ];then &#xA;    exit 10  &#xA;   fi&#xA;   result=`yum -y update $1 2&gt;&amp;1` &#xA;   status=$? &#xA;   commandexist=`echo $result | grep -E &quot;yum: command not found&quot;`&#xA;   if [ &quot;$commandexist&quot; != &quot;&quot; ]; then&#xA;     exit 8&#xA;   fi&#xA;   &#xA;    commandexist=`echo $result | grep -E &quot;yum: No such file or directory&quot;`&#xA;   if [ &quot;$commandexist&quot; != &quot;&quot; ]; then&#xA;     exit 8&#xA;   fi&#xA;   &#xA;   islock=`echo $result | grep -E &quot;lock /var/run/yum.pid&quot;`&#xA;   &#xA;   if [ &quot;$islock&quot; != &quot;&quot; ]; then&#xA;     exit 10&#xA;   fi&#xA;   &#xA;   islock=`echo $result | grep -E &quot;/var/run/yum.pid: another copy is running&quot;`&#xA;   &#xA;   if [ &quot;$islock&quot; != &quot;&quot; ]; then&#xA;     exit 10&#xA;   fi&#xA;   &#xA;   isnotconnected=`echo $result | grep -E &quot;There was an error communicating with RHN&quot;`&#xA;   if [ &quot;$isnotconnected&quot; != &quot;&quot; ]; then&#xA;     exit 9&#xA;   fi&#xA;   &#xA;   isnotconnected=`echo $result | grep -E &quot;This system is not registered with RHN&quot;`&#xA;   if [ &quot;$isnotconnected&quot; != &quot;&quot; ]; then&#xA;     exit 9&#xA;   fi&#xA;   &#xA;    isnotconnected=`echo $result | grep -E &quot;No Repositories Available to Set Up&quot;`&#xA;   if [ &quot;$isnotconnected&quot; != &quot;&quot; ]; then&#xA;     exit 9&#xA;   fi&#xA;    isnotconnected=`echo $result | grep -E &quot;Error Class Code: 9 Error Class Info: Invalid System Credentials&quot;`&#xA;   if [ &quot;$isnotconnected&quot; != &quot;&quot; ]; then&#xA;     exit 9&#xA;   fi&#xA;    isscriptletfailed=`echo $result | grep -E &quot;error:&quot; | grep -E &quot;scriptlet failed, exit status 255&quot;`&#xA;    if [ &quot;$isscriptletfailed&quot; != &quot;&quot; ]; then&#xA;     exit 6&#xA;   fi&#xA;   if [ $status -ne 0 ];then&#xA;     exit 7&#xA;   fi &#xA; fi&#xA;}&#xA;updatepk glibc-debuginfo  &#xA;&#xA;exit 0" />
          </Args>
        </Cmd>
      </Cmds>
    </Patch>
    <Patch UniqueFilename="*glibc-debuginfo-common-2.12-1.209.el6_9.2.i686.rpm" Silent="CRSNo" Reboot="RNo" Download="DManual">
      <Name>glibc-debuginfo-common-2.12-1.209.el6_9.2.i686.rpm</Name>
      <Comments />
      <URL />
      <State>Enabled</State>
      <Files>
        <File>
          <Path>glibc-debuginfo-common::i686</Path>
          <FileDate>0001-01-01T00:00:00.0000000</FileDate>
          <FileSize>0</FileSize>
          <Checksum>87805d6a2f7d72004228fd9dc3e19497</Checksum>
          <Version>2.12-1.209.el6_9.2</Version>
          <CommandID>e</CommandID>
          <Flags>P</Flags>
        </File>
      </Files>
      <Products>
        <ID>20634</ID>
      </Products>
      <Platforms>
        <ID>rhel6_x86_64</ID>
        <ID>rhel6</ID>
      </Platforms>
      <CustVars />
      <Cmds>
        <Cmd Type="shellscript">
          <Args>
            <Arg N="scriptcode" V="#!/bin/bash&#xA;&#xA;function updatepk()&#xA;{&#xA; if [ ! -z $1 ]; then&#xA;   if [ -e /var/run/yum.pid ];then &#xA;    exit 10  &#xA;   fi&#xA;   result=`yum -y update $1 2&gt;&amp;1` &#xA;   status=$? &#xA;   commandexist=`echo $result | grep -E &quot;yum: command not found&quot;`&#xA;   if [ &quot;$commandexist&quot; != &quot;&quot; ]; then&#xA;     exit 8&#xA;   fi&#xA;   &#xA;    commandexist=`echo $result | grep -E &quot;yum: No such file or directory&quot;`&#xA;   if [ &quot;$commandexist&quot; != &quot;&quot; ]; then&#xA;     exit 8&#xA;   fi&#xA;   &#xA;   islock=`echo $result | grep -E &quot;lock /var/run/yum.pid&quot;`&#xA;   &#xA;   if [ &quot;$islock&quot; != &quot;&quot; ]; then&#xA;     exit 10&#xA;   fi&#xA;   &#xA;   islock=`echo $result | grep -E &quot;/var/run/yum.pid: another copy is running&quot;`&#xA;   &#xA;   if [ &quot;$islock&quot; != &quot;&quot; ]; then&#xA;     exit 10&#xA;   fi&#xA;   &#xA;   isnotconnected=`echo $result | grep -E &quot;There was an error communicating with RHN&quot;`&#xA;   if [ &quot;$isnotconnected&quot; != &quot;&quot; ]; then&#xA;     exit 9&#xA;   fi&#xA;   &#xA;   isnotconnected=`echo $result | grep -E &quot;This system is not registered with RHN&quot;`&#xA;   if [ &quot;$isnotconnected&quot; != &quot;&quot; ]; then&#xA;     exit 9&#xA;   fi&#xA;   &#xA;    isnotconnected=`echo $result | grep -E &quot;No Repositories Available to Set Up&quot;`&#xA;   if [ &quot;$isnotconnected&quot; != &quot;&quot; ]; then&#xA;     exit 9&#xA;   fi&#xA;    isnotconnected=`echo $result | grep -E &quot;Error Class Code: 9 Error Class Info: Invalid System Credentials&quot;`&#xA;   if [ &quot;$isnotconnected&quot; != &quot;&quot; ]; then&#xA;     exit 9&#xA;   fi&#xA;    isscriptletfailed=`echo $result | grep -E &quot;error:&quot; | grep -E &quot;scriptlet failed, exit status 255&quot;`&#xA;    if [ &quot;$isscriptletfailed&quot; != &quot;&quot; ]; then&#xA;     exit 6&#xA;   fi&#xA;   if [ $status -ne 0 ];then&#xA;     exit 7&#xA;   fi &#xA; fi&#xA;}&#xA;updatepk glibc-debuginfo-common  &#xA;&#xA;exit 0" />
          </Args>
        </Cmd>
      </Cmds>
    </Patch>
    <Patch UniqueFilename="*glibc-debuginfo-common-2.12-1.209.el6_9.2.x86_64.rpm" Silent="CRSNo" Reboot="RNo" Download="DManual">
      <Name>glibc-debuginfo-common-2.12-1.209.el6_9.2.x86_64.rpm</Name>
      <Comments />
      <URL />
      <State>Enabled</State>
      <Files>
        <File>
          <Path>glibc-debuginfo-common::x86_64</Path>
          <FileDate>0001-01-01T00:00:00.0000000</FileDate>
          <FileSize>0</FileSize>
          <Checksum>0ca254f54be24f0e20f4f34ac13c1a3e</Checksum>
          <Version>2.12-1.209.el6_9.2</Version>
          <CommandID>e</CommandID>
          <Flags>P</Flags>
        </File>
      </Files>
      <Products>
        <ID>20634</ID>
      </Products>
      <Platforms>
        <ID>rhel6_x86_64</ID>
      </Platforms>
      <CustVars />
      <Cmds>
        <Cmd Type="shellscript">
          <Args>
            <Arg N="scriptcode" V="#!/bin/bash&#xA;&#xA;function updatepk()&#xA;{&#xA; if [ ! -z $1 ]; then&#xA;   if [ -e /var/run/yum.pid ];then &#xA;    exit 10  &#xA;   fi&#xA;   result=`yum -y update $1 2&gt;&amp;1` &#xA;   status=$? &#xA;   commandexist=`echo $result | grep -E &quot;yum: command not found&quot;`&#xA;   if [ &quot;$commandexist&quot; != &quot;&quot; ]; then&#xA;     exit 8&#xA;   fi&#xA;   &#xA;    commandexist=`echo $result | grep -E &quot;yum: No such file or directory&quot;`&#xA;   if [ &quot;$commandexist&quot; != &quot;&quot; ]; then&#xA;     exit 8&#xA;   fi&#xA;   &#xA;   islock=`echo $result | grep -E &quot;lock /var/run/yum.pid&quot;`&#xA;   &#xA;   if [ &quot;$islock&quot; != &quot;&quot; ]; then&#xA;     exit 10&#xA;   fi&#xA;   &#xA;   islock=`echo $result | grep -E &quot;/var/run/yum.pid: another copy is running&quot;`&#xA;   &#xA;   if [ &quot;$islock&quot; != &quot;&quot; ]; then&#xA;     exit 10&#xA;   fi&#xA;   &#xA;   isnotconnected=`echo $result | grep -E &quot;There was an error communicating with RHN&quot;`&#xA;   if [ &quot;$isnotconnected&quot; != &quot;&quot; ]; then&#xA;     exit 9&#xA;   fi&#xA;   &#xA;   isnotconnected=`echo $result | grep -E &quot;This system is not registered with RHN&quot;`&#xA;   if [ &quot;$isnotconnected&quot; != &quot;&quot; ]; then&#xA;     exit 9&#xA;   fi&#xA;   &#xA;    isnotconnected=`echo $result | grep -E &quot;No Repositories Available to Set Up&quot;`&#xA;   if [ &quot;$isnotconnected&quot; != &quot;&quot; ]; then&#xA;     exit 9&#xA;   fi&#xA;    isnotconnected=`echo $result | grep -E &quot;Error Class Code: 9 Error Class Info: Invalid System Credentials&quot;`&#xA;   if [ &quot;$isnotconnected&quot; != &quot;&quot; ]; then&#xA;     exit 9&#xA;   fi&#xA;    isscriptletfailed=`echo $result | grep -E &quot;error:&quot; | grep -E &quot;scriptlet failed, exit status 255&quot;`&#xA;    if [ &quot;$isscriptletfailed&quot; != &quot;&quot; ]; then&#xA;     exit 6&#xA;   fi&#xA;   if [ $status -ne 0 ];then&#xA;     exit 7&#xA;   fi &#xA; fi&#xA;}&#xA;updatepk glibc-debuginfo-common  &#xA;&#xA;exit 0" />
          </Args>
        </Cmd>
      </Cmds>
    </Patch>
    <Patch UniqueFilename="*glibc-devel-2.12-1.209.el6_9.2.i686.rpm" Silent="CRSNo" Reboot="RNo" Download="DManual">
      <Name>glibc-devel-2.12-1.209.el6_9.2.i686.rpm</Name>
      <Comments />
      <URL />
      <State>Enabled</State>
      <Files>
        <File>
          <Path>glibc-devel::i686</Path>
          <FileDate>0001-01-01T00:00:00.0000000</FileDate>
          <FileSize>0</FileSize>
          <Checksum>74adf1719b00ec3dfb54774bd22a4438</Checksum>
          <Version>2.12-1.209.el6_9.2</Version>
          <CommandID>e</CommandID>
          <Flags>P</Flags>
        </File>
      </Files>
      <Products>
        <ID>9603</ID>
      </Products>
      <Platforms>
        <ID>rhel6_x86_64</ID>
        <ID>rhel6</ID>
      </Platforms>
      <CustVars />
      <Cmds>
        <Cmd Type="shellscript">
          <Args>
            <Arg N="scriptcode" V="#!/bin/bash&#xA;&#xA;function updatepk()&#xA;{&#xA; if [ ! -z $1 ]; then&#xA;   if [ -e /var/run/yum.pid ];then &#xA;    exit 10  &#xA;   fi&#xA;   result=`yum -y update $1 2&gt;&amp;1` &#xA;   status=$? &#xA;   commandexist=`echo $result | grep -E &quot;yum: command not found&quot;`&#xA;   if [ &quot;$commandexist&quot; != &quot;&quot; ]; then&#xA;     exit 8&#xA;   fi&#xA;   &#xA;    commandexist=`echo $result | grep -E &quot;yum: No such file or directory&quot;`&#xA;   if [ &quot;$commandexist&quot; != &quot;&quot; ]; then&#xA;     exit 8&#xA;   fi&#xA;   &#xA;   islock=`echo $result | grep -E &quot;lock /var/run/yum.pid&quot;`&#xA;   &#xA;   if [ &quot;$islock&quot; != &quot;&quot; ]; then&#xA;     exit 10&#xA;   fi&#xA;   &#xA;   islock=`echo $result | grep -E &quot;/var/run/yum.pid: another copy is running&quot;`&#xA;   &#xA;   if [ &quot;$islock&quot; != &quot;&quot; ]; then&#xA;     exit 10&#xA;   fi&#xA;   &#xA;   isnotconnected=`echo $result | grep -E &quot;There was an error communicating with RHN&quot;`&#xA;   if [ &quot;$isnotconnected&quot; != &quot;&quot; ]; then&#xA;     exit 9&#xA;   fi&#xA;   &#xA;   isnotconnected=`echo $result | grep -E &quot;This system is not registered with RHN&quot;`&#xA;   if [ &quot;$isnotconnected&quot; != &quot;&quot; ]; then&#xA;     exit 9&#xA;   fi&#xA;   &#xA;    isnotconnected=`echo $result | grep -E &quot;No Repositories Available to Set Up&quot;`&#xA;   if [ &quot;$isnotconnected&quot; != &quot;&quot; ]; then&#xA;     exit 9&#xA;   fi&#xA;    isnotconnected=`echo $result | grep -E &quot;Error Class Code: 9 Error Class Info: Invalid System Credentials&quot;`&#xA;   if [ &quot;$isnotconnected&quot; != &quot;&quot; ]; then&#xA;     exit 9&#xA;   fi&#xA;    isscriptletfailed=`echo $result | grep -E &quot;error:&quot; | grep -E &quot;scriptlet failed, exit status 255&quot;`&#xA;    if [ &quot;$isscriptletfailed&quot; != &quot;&quot; ]; then&#xA;     exit 6&#xA;   fi&#xA;   if [ $status -ne 0 ];then&#xA;     exit 7&#xA;   fi &#xA; fi&#xA;}&#xA;updatepk glibc-devel  &#xA;&#xA;exit 0" />
          </Args>
        </Cmd>
      </Cmds>
    </Patch>
    <Patch UniqueFilename="*glibc-devel-2.12-1.209.el6_9.2.x86_64.rpm" Silent="CRSNo" Reboot="RNo" Download="DManual">
      <Name>glibc-devel-2.12-1.209.el6_9.2.x86_64.rpm</Name>
      <Comments />
      <URL />
      <State>Enabled</State>
      <Files>
        <File>
          <Path>glibc-devel::x86_64</Path>
          <FileDate>0001-01-01T00:00:00.0000000</FileDate>
          <FileSize>0</FileSize>
          <Checksum>e9c08254bb4115f301502a72ea874ec7</Checksum>
          <Version>2.12-1.209.el6_9.2</Version>
          <CommandID>e</CommandID>
          <Flags>P</Flags>
        </File>
      </Files>
      <Products>
        <ID>9603</ID>
      </Products>
      <Platforms>
        <ID>rhel6_x86_64</ID>
      </Platforms>
      <CustVars />
      <Cmds>
        <Cmd Type="shellscript">
          <Args>
            <Arg N="scriptcode" V="#!/bin/bash&#xA;&#xA;function updatepk()&#xA;{&#xA; if [ ! -z $1 ]; then&#xA;   if [ -e /var/run/yum.pid ];then &#xA;    exit 10  &#xA;   fi&#xA;   result=`yum -y update $1 2&gt;&amp;1` &#xA;   status=$? &#xA;   commandexist=`echo $result | grep -E &quot;yum: command not found&quot;`&#xA;   if [ &quot;$commandexist&quot; != &quot;&quot; ]; then&#xA;     exit 8&#xA;   fi&#xA;   &#xA;    commandexist=`echo $result | grep -E &quot;yum: No such file or directory&quot;`&#xA;   if [ &quot;$commandexist&quot; != &quot;&quot; ]; then&#xA;     exit 8&#xA;   fi&#xA;   &#xA;   islock=`echo $result | grep -E &quot;lock /var/run/yum.pid&quot;`&#xA;   &#xA;   if [ &quot;$islock&quot; != &quot;&quot; ]; then&#xA;     exit 10&#xA;   fi&#xA;   &#xA;   islock=`echo $result | grep -E &quot;/var/run/yum.pid: another copy is running&quot;`&#xA;   &#xA;   if [ &quot;$islock&quot; != &quot;&quot; ]; then&#xA;     exit 10&#xA;   fi&#xA;   &#xA;   isnotconnected=`echo $result | grep -E &quot;There was an error communicating with RHN&quot;`&#xA;   if [ &quot;$isnotconnected&quot; != &quot;&quot; ]; then&#xA;     exit 9&#xA;   fi&#xA;   &#xA;   isnotconnected=`echo $result | grep -E &quot;This system is not registered with RHN&quot;`&#xA;   if [ &quot;$isnotconnected&quot; != &quot;&quot; ]; then&#xA;     exit 9&#xA;   fi&#xA;   &#xA;    isnotconnected=`echo $result | grep -E &quot;No Repositories Available to Set Up&quot;`&#xA;   if [ &quot;$isnotconnected&quot; != &quot;&quot; ]; then&#xA;     exit 9&#xA;   fi&#xA;    isnotconnected=`echo $result | grep -E &quot;Error Class Code: 9 Error Class Info: Invalid System Credentials&quot;`&#xA;   if [ &quot;$isnotconnected&quot; != &quot;&quot; ]; then&#xA;     exit 9&#xA;   fi&#xA;    isscriptletfailed=`echo $result | grep -E &quot;error:&quot; | grep -E &quot;scriptlet failed, exit status 255&quot;`&#xA;    if [ &quot;$isscriptletfailed&quot; != &quot;&quot; ]; then&#xA;     exit 6&#xA;   fi&#xA;   if [ $status -ne 0 ];then&#xA;     exit 7&#xA;   fi &#xA; fi&#xA;}&#xA;updatepk glibc-devel  &#xA;&#xA;exit 0" />
          </Args>
        </Cmd>
      </Cmds>
    </Patch>
    <Patch UniqueFilename="*glibc-headers-2.12-1.209.el6_9.2.i686.rpm" Silent="CRSNo" Reboot="RNo" Download="DManual">
      <Name>glibc-headers-2.12-1.209.el6_9.2.i686.rpm</Name>
      <Comments />
      <URL />
      <State>Enabled</State>
      <Files>
        <File>
          <Path>glibc-headers::i686</Path>
          <FileDate>0001-01-01T00:00:00.0000000</FileDate>
          <FileSize>0</FileSize>
          <Checksum>cb427f51ba96eba5cac263649639c714</Checksum>
          <Version>2.12-1.209.el6_9.2</Version>
          <CommandID>e</CommandID>
          <Flags>P</Flags>
        </File>
      </Files>
      <Products>
        <ID>9604</ID>
      </Products>
      <Platforms>
        <ID>rhel6</ID>
      </Platforms>
      <CustVars />
      <Cmds>
        <Cmd Type="shellscript">
          <Args>
            <Arg N="scriptcode" V="#!/bin/bash&#xA;&#xA;function updatepk()&#xA;{&#xA; if [ ! -z $1 ]; then&#xA;   if [ -e /var/run/yum.pid ];then &#xA;    exit 10  &#xA;   fi&#xA;   result=`yum -y update $1 2&gt;&amp;1` &#xA;   status=$? &#xA;   commandexist=`echo $result | grep -E &quot;yum: command not found&quot;`&#xA;   if [ &quot;$commandexist&quot; != &quot;&quot; ]; then&#xA;     exit 8&#xA;   fi&#xA;   &#xA;    commandexist=`echo $result | grep -E &quot;yum: No such file or directory&quot;`&#xA;   if [ &quot;$commandexist&quot; != &quot;&quot; ]; then&#xA;     exit 8&#xA;   fi&#xA;   &#xA;   islock=`echo $result | grep -E &quot;lock /var/run/yum.pid&quot;`&#xA;   &#xA;   if [ &quot;$islock&quot; != &quot;&quot; ]; then&#xA;     exit 10&#xA;   fi&#xA;   &#xA;   islock=`echo $result | grep -E &quot;/var/run/yum.pid: another copy is running&quot;`&#xA;   &#xA;   if [ &quot;$islock&quot; != &quot;&quot; ]; then&#xA;     exit 10&#xA;   fi&#xA;   &#xA;   isnotconnected=`echo $result | grep -E &quot;There was an error communicating with RHN&quot;`&#xA;   if [ &quot;$isnotconnected&quot; != &quot;&quot; ]; then&#xA;     exit 9&#xA;   fi&#xA;   &#xA;   isnotconnected=`echo $result | grep -E &quot;This system is not registered with RHN&quot;`&#xA;   if [ &quot;$isnotconnected&quot; != &quot;&quot; ]; then&#xA;     exit 9&#xA;   fi&#xA;   &#xA;    isnotconnected=`echo $result | grep -E &quot;No Repositories Available to Set Up&quot;`&#xA;   if [ &quot;$isnotconnected&quot; != &quot;&quot; ]; then&#xA;     exit 9&#xA;   fi&#xA;    isnotconnected=`echo $result | grep -E &quot;Error Class Code: 9 Error Class Info: Invalid System Credentials&quot;`&#xA;   if [ &quot;$isnotconnected&quot; != &quot;&quot; ]; then&#xA;     exit 9&#xA;   fi&#xA;    isscriptletfailed=`echo $result | grep -E &quot;error:&quot; | grep -E &quot;scriptlet failed, exit status 255&quot;`&#xA;    if [ &quot;$isscriptletfailed&quot; != &quot;&quot; ]; then&#xA;     exit 6&#xA;   fi&#xA;   if [ $status -ne 0 ];then&#xA;     exit 7&#xA;   fi &#xA; fi&#xA;}&#xA;updatepk glibc-headers  &#xA;&#xA;exit 0" />
          </Args>
        </Cmd>
      </Cmds>
    </Patch>
    <Patch UniqueFilename="*glibc-headers-2.12-1.209.el6_9.2.x86_64.rpm" Silent="CRSNo" Reboot="RNo" Download="DManual">
      <Name>glibc-headers-2.12-1.209.el6_9.2.x86_64.rpm</Name>
      <Comments />
      <URL />
      <State>Enabled</State>
      <Files>
        <File>
          <Path>glibc-headers::x86_64</Path>
          <FileDate>0001-01-01T00:00:00.0000000</FileDate>
          <FileSize>0</FileSize>
          <Checksum>1bac282a927e47f1cafe29350385f4a5</Checksum>
          <Version>2.12-1.209.el6_9.2</Version>
          <CommandID>e</CommandID>
          <Flags>P</Flags>
        </File>
      </Files>
      <Products>
        <ID>9604</ID>
      </Products>
      <Platforms>
        <ID>rhel6_x86_64</ID>
      </Platforms>
      <CustVars />
      <Cmds>
        <Cmd Type="shellscript">
          <Args>
            <Arg N="scriptcode" V="#!/bin/bash&#xA;&#xA;function updatepk()&#xA;{&#xA; if [ ! -z $1 ]; then&#xA;   if [ -e /var/run/yum.pid ];then &#xA;    exit 10  &#xA;   fi&#xA;   result=`yum -y update $1 2&gt;&amp;1` &#xA;   status=$? &#xA;   commandexist=`echo $result | grep -E &quot;yum: command not found&quot;`&#xA;   if [ &quot;$commandexist&quot; != &quot;&quot; ]; then&#xA;     exit 8&#xA;   fi&#xA;   &#xA;    commandexist=`echo $result | grep -E &quot;yum: No such file or directory&quot;`&#xA;   if [ &quot;$commandexist&quot; != &quot;&quot; ]; then&#xA;     exit 8&#xA;   fi&#xA;   &#xA;   islock=`echo $result | grep -E &quot;lock /var/run/yum.pid&quot;`&#xA;   &#xA;   if [ &quot;$islock&quot; != &quot;&quot; ]; then&#xA;     exit 10&#xA;   fi&#xA;   &#xA;   islock=`echo $result | grep -E &quot;/var/run/yum.pid: another copy is running&quot;`&#xA;   &#xA;   if [ &quot;$islock&quot; != &quot;&quot; ]; then&#xA;     exit 10&#xA;   fi&#xA;   &#xA;   isnotconnected=`echo $result | grep -E &quot;There was an error communicating with RHN&quot;`&#xA;   if [ &quot;$isnotconnected&quot; != &quot;&quot; ]; then&#xA;     exit 9&#xA;   fi&#xA;   &#xA;   isnotconnected=`echo $result | grep -E &quot;This system is not registered with RHN&quot;`&#xA;   if [ &quot;$isnotconnected&quot; != &quot;&quot; ]; then&#xA;     exit 9&#xA;   fi&#xA;   &#xA;    isnotconnected=`echo $result | grep -E &quot;No Repositories Available to Set Up&quot;`&#xA;   if [ &quot;$isnotconnected&quot; != &quot;&quot; ]; then&#xA;     exit 9&#xA;   fi&#xA;    isnotconnected=`echo $result | grep -E &quot;Error Class Code: 9 Error Class Info: Invalid System Credentials&quot;`&#xA;   if [ &quot;$isnotconnected&quot; != &quot;&quot; ]; then&#xA;     exit 9&#xA;   fi&#xA;    isscriptletfailed=`echo $result | grep -E &quot;error:&quot; | grep -E &quot;scriptlet failed, exit status 255&quot;`&#xA;    if [ &quot;$isscriptletfailed&quot; != &quot;&quot; ]; then&#xA;     exit 6&#xA;   fi&#xA;   if [ $status -ne 0 ];then&#xA;     exit 7&#xA;   fi &#xA; fi&#xA;}&#xA;updatepk glibc-headers  &#xA;&#xA;exit 0" />
          </Args>
        </Cmd>
      </Cmds>
    </Patch>
    <Patch UniqueFilename="*glibc-static-2.12-1.209.el6_9.2.i686.rpm" Silent="CRSNo" Reboot="RNo" Download="DManual">
      <Name>glibc-static-2.12-1.209.el6_9.2.i686.rpm</Name>
      <Comments />
      <URL />
      <State>Enabled</State>
      <Files>
        <File>
          <Path>glibc-static::i686</Path>
          <FileDate>0001-01-01T00:00:00.0000000</FileDate>
          <FileSize>0</FileSize>
          <Checksum>c7daff74190c16a9d08da36d0d23715b</Checksum>
          <Version>2.12-1.209.el6_9.2</Version>
          <CommandID>e</CommandID>
          <Flags>P</Flags>
        </File>
      </Files>
      <Products>
        <ID>18689</ID>
      </Products>
      <Platforms>
        <ID>rhel6_x86_64</ID>
        <ID>rhel6</ID>
      </Platforms>
      <CustVars />
      <Cmds>
        <Cmd Type="shellscript">
          <Args>
            <Arg N="scriptcode" V="#!/bin/bash&#xA;&#xA;function updatepk()&#xA;{&#xA; if [ ! -z $1 ]; then&#xA;   if [ -e /var/run/yum.pid ];then &#xA;    exit 10  &#xA;   fi&#xA;   result=`yum -y update $1 2&gt;&amp;1` &#xA;   status=$? &#xA;   commandexist=`echo $result | grep -E &quot;yum: command not found&quot;`&#xA;   if [ &quot;$commandexist&quot; != &quot;&quot; ]; then&#xA;     exit 8&#xA;   fi&#xA;   &#xA;    commandexist=`echo $result | grep -E &quot;yum: No such file or directory&quot;`&#xA;   if [ &quot;$commandexist&quot; != &quot;&quot; ]; then&#xA;     exit 8&#xA;   fi&#xA;   &#xA;   islock=`echo $result | grep -E &quot;lock /var/run/yum.pid&quot;`&#xA;   &#xA;   if [ &quot;$islock&quot; != &quot;&quot; ]; then&#xA;     exit 10&#xA;   fi&#xA;   &#xA;   islock=`echo $result | grep -E &quot;/var/run/yum.pid: another copy is running&quot;`&#xA;   &#xA;   if [ &quot;$islock&quot; != &quot;&quot; ]; then&#xA;     exit 10&#xA;   fi&#xA;   &#xA;   isnotconnected=`echo $result | grep -E &quot;There was an error communicating with RHN&quot;`&#xA;   if [ &quot;$isnotconnected&quot; != &quot;&quot; ]; then&#xA;     exit 9&#xA;   fi&#xA;   &#xA;   isnotconnected=`echo $result | grep -E &quot;This system is not registered with RHN&quot;`&#xA;   if [ &quot;$isnotconnected&quot; != &quot;&quot; ]; then&#xA;     exit 9&#xA;   fi&#xA;   &#xA;    isnotconnected=`echo $result | grep -E &quot;No Repositories Available to Set Up&quot;`&#xA;   if [ &quot;$isnotconnected&quot; != &quot;&quot; ]; then&#xA;     exit 9&#xA;   fi&#xA;    isnotconnected=`echo $result | grep -E &quot;Error Class Code: 9 Error Class Info: Invalid System Credentials&quot;`&#xA;   if [ &quot;$isnotconnected&quot; != &quot;&quot; ]; then&#xA;     exit 9&#xA;   fi&#xA;    isscriptletfailed=`echo $result | grep -E &quot;error:&quot; | grep -E &quot;scriptlet failed, exit status 255&quot;`&#xA;    if [ &quot;$isscriptletfailed&quot; != &quot;&quot; ]; then&#xA;     exit 6&#xA;   fi&#xA;   if [ $status -ne 0 ];then&#xA;     exit 7&#xA;   fi &#xA; fi&#xA;}&#xA;updatepk glibc-static  &#xA;&#xA;exit 0" />
          </Args>
        </Cmd>
      </Cmds>
    </Patch>
    <Patch UniqueFilename="*glibc-static-2.12-1.209.el6_9.2.x86_64.rpm" Silent="CRSNo" Reboot="RNo" Download="DManual">
      <Name>glibc-static-2.12-1.209.el6_9.2.x86_64.rpm</Name>
      <Comments />
      <URL />
      <State>Enabled</State>
      <Files>
        <File>
          <Path>glibc-static::x86_64</Path>
          <FileDate>0001-01-01T00:00:00.0000000</FileDate>
          <FileSize>0</FileSize>
          <Checksum>b5da015cb232852f1b48ec382d8490e9</Checksum>
          <Version>2.12-1.209.el6_9.2</Version>
          <CommandID>e</CommandID>
          <Flags>P</Flags>
        </File>
      </Files>
      <Products>
        <ID>18689</ID>
      </Products>
      <Platforms>
        <ID>rhel6_x86_64</ID>
      </Platforms>
      <CustVars />
      <Cmds>
        <Cmd Type="shellscript">
          <Args>
            <Arg N="scriptcode" V="#!/bin/bash&#xA;&#xA;function updatepk()&#xA;{&#xA; if [ ! -z $1 ]; then&#xA;   if [ -e /var/run/yum.pid ];then &#xA;    exit 10  &#xA;   fi&#xA;   result=`yum -y update $1 2&gt;&amp;1` &#xA;   status=$? &#xA;   commandexist=`echo $result | grep -E &quot;yum: command not found&quot;`&#xA;   if [ &quot;$commandexist&quot; != &quot;&quot; ]; then&#xA;     exit 8&#xA;   fi&#xA;   &#xA;    commandexist=`echo $result | grep -E &quot;yum: No such file or directory&quot;`&#xA;   if [ &quot;$commandexist&quot; != &quot;&quot; ]; then&#xA;     exit 8&#xA;   fi&#xA;   &#xA;   islock=`echo $result | grep -E &quot;lock /var/run/yum.pid&quot;`&#xA;   &#xA;   if [ &quot;$islock&quot; != &quot;&quot; ]; then&#xA;     exit 10&#xA;   fi&#xA;   &#xA;   islock=`echo $result | grep -E &quot;/var/run/yum.pid: another copy is running&quot;`&#xA;   &#xA;   if [ &quot;$islock&quot; != &quot;&quot; ]; then&#xA;     exit 10&#xA;   fi&#xA;   &#xA;   isnotconnected=`echo $result | grep -E &quot;There was an error communicating with RHN&quot;`&#xA;   if [ &quot;$isnotconnected&quot; != &quot;&quot; ]; then&#xA;     exit 9&#xA;   fi&#xA;   &#xA;   isnotconnected=`echo $result | grep -E &quot;This system is not registered with RHN&quot;`&#xA;   if [ &quot;$isnotconnected&quot; != &quot;&quot; ]; then&#xA;     exit 9&#xA;   fi&#xA;   &#xA;    isnotconnected=`echo $result | grep -E &quot;No Repositories Available to Set Up&quot;`&#xA;   if [ &quot;$isnotconnected&quot; != &quot;&quot; ]; then&#xA;     exit 9&#xA;   fi&#xA;    isnotconnected=`echo $result | grep -E &quot;Error Class Code: 9 Error Class Info: Invalid System Credentials&quot;`&#xA;   if [ &quot;$isnotconnected&quot; != &quot;&quot; ]; then&#xA;     exit 9&#xA;   fi&#xA;    isscriptletfailed=`echo $result | grep -E &quot;error:&quot; | grep -E &quot;scriptlet failed, exit status 255&quot;`&#xA;    if [ &quot;$isscriptletfailed&quot; != &quot;&quot; ]; then&#xA;     exit 6&#xA;   fi&#xA;   if [ $status -ne 0 ];then&#xA;     exit 7&#xA;   fi &#xA; fi&#xA;}&#xA;updatepk glibc-static  &#xA;&#xA;exit 0" />
          </Args>
        </Cmd>
      </Cmds>
    </Patch>
    <Patch UniqueFilename="*glibc-utils-2.12-1.209.el6_9.2.i686.rpm" Silent="CRSNo" Reboot="RNo" Download="DManual">
      <Name>glibc-utils-2.12-1.209.el6_9.2.i686.rpm</Name>
      <Comments />
      <URL />
      <State>Enabled</State>
      <Files>
        <File>
          <Path>glibc-utils::i686</Path>
          <FileDate>0001-01-01T00:00:00.0000000</FileDate>
          <FileSize>0</FileSize>
          <Checksum>3589297eee2f14e33b323ba7ed03e21a</Checksum>
          <Version>2.12-1.209.el6_9.2</Version>
          <CommandID>e</CommandID>
          <Flags>P</Flags>
        </File>
      </Files>
      <Products>
        <ID>9606</ID>
      </Products>
      <Platforms>
        <ID>rhel6</ID>
      </Platforms>
      <CustVars />
      <Cmds>
        <Cmd Type="shellscript">
          <Args>
            <Arg N="scriptcode" V="#!/bin/bash&#xA;&#xA;function updatepk()&#xA;{&#xA; if [ ! -z $1 ]; then&#xA;   if [ -e /var/run/yum.pid ];then &#xA;    exit 10  &#xA;   fi&#xA;   result=`yum -y update $1 2&gt;&amp;1` &#xA;   status=$? &#xA;   commandexist=`echo $result | grep -E &quot;yum: command not found&quot;`&#xA;   if [ &quot;$commandexist&quot; != &quot;&quot; ]; then&#xA;     exit 8&#xA;   fi&#xA;   &#xA;    commandexist=`echo $result | grep -E &quot;yum: No such file or directory&quot;`&#xA;   if [ &quot;$commandexist&quot; != &quot;&quot; ]; then&#xA;     exit 8&#xA;   fi&#xA;   &#xA;   islock=`echo $result | grep -E &quot;lock /var/run/yum.pid&quot;`&#xA;   &#xA;   if [ &quot;$islock&quot; != &quot;&quot; ]; then&#xA;     exit 10&#xA;   fi&#xA;   &#xA;   islock=`echo $result | grep -E &quot;/var/run/yum.pid: another copy is running&quot;`&#xA;   &#xA;   if [ &quot;$islock&quot; != &quot;&quot; ]; then&#xA;     exit 10&#xA;   fi&#xA;   &#xA;   isnotconnected=`echo $result | grep -E &quot;There was an error communicating with RHN&quot;`&#xA;   if [ &quot;$isnotconnected&quot; != &quot;&quot; ]; then&#xA;     exit 9&#xA;   fi&#xA;   &#xA;   isnotconnected=`echo $result | grep -E &quot;This system is not registered with RHN&quot;`&#xA;   if [ &quot;$isnotconnected&quot; != &quot;&quot; ]; then&#xA;     exit 9&#xA;   fi&#xA;   &#xA;    isnotconnected=`echo $result | grep -E &quot;No Repositories Available to Set Up&quot;`&#xA;   if [ &quot;$isnotconnected&quot; != &quot;&quot; ]; then&#xA;     exit 9&#xA;   fi&#xA;    isnotconnected=`echo $result | grep -E &quot;Error Class Code: 9 Error Class Info: Invalid System Credentials&quot;`&#xA;   if [ &quot;$isnotconnected&quot; != &quot;&quot; ]; then&#xA;     exit 9&#xA;   fi&#xA;    isscriptletfailed=`echo $result | grep -E &quot;error:&quot; | grep -E &quot;scriptlet failed, exit status 255&quot;`&#xA;    if [ &quot;$isscriptletfailed&quot; != &quot;&quot; ]; then&#xA;     exit 6&#xA;   fi&#xA;   if [ $status -ne 0 ];then&#xA;     exit 7&#xA;   fi &#xA; fi&#xA;}&#xA;updatepk glibc-utils  &#xA;&#xA;exit 0" />
          </Args>
        </Cmd>
      </Cmds>
    </Patch>
    <Patch UniqueFilename="*glibc-utils-2.12-1.209.el6_9.2.x86_64.rpm" Silent="CRSNo" Reboot="RNo" Download="DManual">
      <Name>glibc-utils-2.12-1.209.el6_9.2.x86_64.rpm</Name>
      <Comments />
      <URL />
      <State>Enabled</State>
      <Files>
        <File>
          <Path>glibc-utils::x86_64</Path>
          <FileDate>0001-01-01T00:00:00.0000000</FileDate>
          <FileSize>0</FileSize>
          <Checksum>998d00776a541bc22ff05e2c7a81efce</Checksum>
          <Version>2.12-1.209.el6_9.2</Version>
          <CommandID>e</CommandID>
          <Flags>P</Flags>
        </File>
      </Files>
      <Products>
        <ID>9606</ID>
      </Products>
      <Platforms>
        <ID>rhel6_x86_64</ID>
      </Platforms>
      <CustVars />
      <Cmds>
        <Cmd Type="shellscript">
          <Args>
            <Arg N="scriptcode" V="#!/bin/bash&#xA;&#xA;function updatepk()&#xA;{&#xA; if [ ! -z $1 ]; then&#xA;   if [ -e /var/run/yum.pid ];then &#xA;    exit 10  &#xA;   fi&#xA;   result=`yum -y update $1 2&gt;&amp;1` &#xA;   status=$? &#xA;   commandexist=`echo $result | grep -E &quot;yum: command not found&quot;`&#xA;   if [ &quot;$commandexist&quot; != &quot;&quot; ]; then&#xA;     exit 8&#xA;   fi&#xA;   &#xA;    commandexist=`echo $result | grep -E &quot;yum: No such file or directory&quot;`&#xA;   if [ &quot;$commandexist&quot; != &quot;&quot; ]; then&#xA;     exit 8&#xA;   fi&#xA;   &#xA;   islock=`echo $result | grep -E &quot;lock /var/run/yum.pid&quot;`&#xA;   &#xA;   if [ &quot;$islock&quot; != &quot;&quot; ]; then&#xA;     exit 10&#xA;   fi&#xA;   &#xA;   islock=`echo $result | grep -E &quot;/var/run/yum.pid: another copy is running&quot;`&#xA;   &#xA;   if [ &quot;$islock&quot; != &quot;&quot; ]; then&#xA;     exit 10&#xA;   fi&#xA;   &#xA;   isnotconnected=`echo $result | grep -E &quot;There was an error communicating with RHN&quot;`&#xA;   if [ &quot;$isnotconnected&quot; != &quot;&quot; ]; then&#xA;     exit 9&#xA;   fi&#xA;   &#xA;   isnotconnected=`echo $result | grep -E &quot;This system is not registered with RHN&quot;`&#xA;   if [ &quot;$isnotconnected&quot; != &quot;&quot; ]; then&#xA;     exit 9&#xA;   fi&#xA;   &#xA;    isnotconnected=`echo $result | grep -E &quot;No Repositories Available to Set Up&quot;`&#xA;   if [ &quot;$isnotconnected&quot; != &quot;&quot; ]; then&#xA;     exit 9&#xA;   fi&#xA;    isnotconnected=`echo $result | grep -E &quot;Error Class Code: 9 Error Class Info: Invalid System Credentials&quot;`&#xA;   if [ &quot;$isnotconnected&quot; != &quot;&quot; ]; then&#xA;     exit 9&#xA;   fi&#xA;    isscriptletfailed=`echo $result | grep -E &quot;error:&quot; | grep -E &quot;scriptlet failed, exit status 255&quot;`&#xA;    if [ &quot;$isscriptletfailed&quot; != &quot;&quot; ]; then&#xA;     exit 6&#xA;   fi&#xA;   if [ $status -ne 0 ];then&#xA;     exit 7&#xA;   fi &#xA; fi&#xA;}&#xA;updatepk glibc-utils  &#xA;&#xA;exit 0" />
          </Args>
        </Cmd>
      </Cmds>
    </Patch>
    <Patch UniqueFilename="*nscd-2.12-1.209.el6_9.2.i686.rpm" Silent="CRSNo" Reboot="RNo" Download="DManual">
      <Name>nscd-2.12-1.209.el6_9.2.i686.rpm</Name>
      <Comments />
      <URL />
      <State>Enabled</State>
      <Files>
        <File>
          <Path>nscd::i686</Path>
          <FileDate>0001-01-01T00:00:00.0000000</FileDate>
          <FileSize>0</FileSize>
          <Checksum>0747330ae5610e6e2211bff18b11cfa4</Checksum>
          <Version>2.12-1.209.el6_9.2</Version>
          <CommandID>e</CommandID>
          <Flags>P</Flags>
        </File>
      </Files>
      <Products>
        <ID>4119</ID>
      </Products>
      <Platforms>
        <ID>rhel6</ID>
      </Platforms>
      <CustVars />
      <Cmds>
        <Cmd Type="shellscript">
          <Args>
            <Arg N="scriptcode" V="#!/bin/bash&#xA;&#xA;function updatepk()&#xA;{&#xA; if [ ! -z $1 ]; then&#xA;   if [ -e /var/run/yum.pid ];then &#xA;    exit 10  &#xA;   fi&#xA;   result=`yum -y update $1 2&gt;&amp;1` &#xA;   status=$? &#xA;   commandexist=`echo $result | grep -E &quot;yum: command not found&quot;`&#xA;   if [ &quot;$commandexist&quot; != &quot;&quot; ]; then&#xA;     exit 8&#xA;   fi&#xA;   &#xA;    commandexist=`echo $result | grep -E &quot;yum: No such file or directory&quot;`&#xA;   if [ &quot;$commandexist&quot; != &quot;&quot; ]; then&#xA;     exit 8&#xA;   fi&#xA;   &#xA;   islock=`echo $result | grep -E &quot;lock /var/run/yum.pid&quot;`&#xA;   &#xA;   if [ &quot;$islock&quot; != &quot;&quot; ]; then&#xA;     exit 10&#xA;   fi&#xA;   &#xA;   islock=`echo $result | grep -E &quot;/var/run/yum.pid: another copy is running&quot;`&#xA;   &#xA;   if [ &quot;$islock&quot; != &quot;&quot; ]; then&#xA;     exit 10&#xA;   fi&#xA;   &#xA;   isnotconnected=`echo $result | grep -E &quot;There was an error communicating with RHN&quot;`&#xA;   if [ &quot;$isnotconnected&quot; != &quot;&quot; ]; then&#xA;     exit 9&#xA;   fi&#xA;   &#xA;   isnotconnected=`echo $result | grep -E &quot;This system is not registered with RHN&quot;`&#xA;   if [ &quot;$isnotconnected&quot; != &quot;&quot; ]; then&#xA;     exit 9&#xA;   fi&#xA;   &#xA;    isnotconnected=`echo $result | grep -E &quot;No Repositories Available to Set Up&quot;`&#xA;   if [ &quot;$isnotconnected&quot; != &quot;&quot; ]; then&#xA;     exit 9&#xA;   fi&#xA;    isnotconnected=`echo $result | grep -E &quot;Error Class Code: 9 Error Class Info: Invalid System Credentials&quot;`&#xA;   if [ &quot;$isnotconnected&quot; != &quot;&quot; ]; then&#xA;     exit 9&#xA;   fi&#xA;    isscriptletfailed=`echo $result | grep -E &quot;error:&quot; | grep -E &quot;scriptlet failed, exit status 255&quot;`&#xA;    if [ &quot;$isscriptletfailed&quot; != &quot;&quot; ]; then&#xA;     exit 6&#xA;   fi&#xA;   if [ $status -ne 0 ];then&#xA;     exit 7&#xA;   fi &#xA; fi&#xA;}&#xA;updatepk nscd  &#xA;&#xA;exit 0" />
          </Args>
        </Cmd>
      </Cmds>
    </Patch>
    <Patch UniqueFilename="*nscd-2.12-1.209.el6_9.2.x86_64.rpm" Silent="CRSNo" Reboot="RNo" Download="DManual">
      <Name>nscd-2.12-1.209.el6_9.2.x86_64.rpm</Name>
      <Comments />
      <URL />
      <State>Enabled</State>
      <Files>
        <File>
          <Path>nscd::x86_64</Path>
          <FileDate>0001-01-01T00:00:00.0000000</FileDate>
          <FileSize>0</FileSize>
          <Checksum>363cb0ceeeb9f2ca200d405c295c8b22</Checksum>
          <Version>2.12-1.209.el6_9.2</Version>
          <CommandID>e</CommandID>
          <Flags>P</Flags>
        </File>
      </Files>
      <Products>
        <ID>4119</ID>
      </Products>
      <Platforms>
        <ID>rhel6_x86_64</ID>
      </Platforms>
      <CustVars />
      <Cmds>
        <Cmd Type="shellscript">
          <Args>
            <Arg N="scriptcode" V="#!/bin/bash&#xA;&#xA;function updatepk()&#xA;{&#xA; if [ ! -z $1 ]; then&#xA;   if [ -e /var/run/yum.pid ];then &#xA;    exit 10  &#xA;   fi&#xA;   result=`yum -y update $1 2&gt;&amp;1` &#xA;   status=$? &#xA;   commandexist=`echo $result | grep -E &quot;yum: command not found&quot;`&#xA;   if [ &quot;$commandexist&quot; != &quot;&quot; ]; then&#xA;     exit 8&#xA;   fi&#xA;   &#xA;    commandexist=`echo $result | grep -E &quot;yum: No such file or directory&quot;`&#xA;   if [ &quot;$commandexist&quot; != &quot;&quot; ]; then&#xA;     exit 8&#xA;   fi&#xA;   &#xA;   islock=`echo $result | grep -E &quot;lock /var/run/yum.pid&quot;`&#xA;   &#xA;   if [ &quot;$islock&quot; != &quot;&quot; ]; then&#xA;     exit 10&#xA;   fi&#xA;   &#xA;   islock=`echo $result | grep -E &quot;/var/run/yum.pid: another copy is running&quot;`&#xA;   &#xA;   if [ &quot;$islock&quot; != &quot;&quot; ]; then&#xA;     exit 10&#xA;   fi&#xA;   &#xA;   isnotconnected=`echo $result | grep -E &quot;There was an error communicating with RHN&quot;`&#xA;   if [ &quot;$isnotconnected&quot; != &quot;&quot; ]; then&#xA;     exit 9&#xA;   fi&#xA;   &#xA;   isnotconnected=`echo $result | grep -E &quot;This system is not registered with RHN&quot;`&#xA;   if [ &quot;$isnotconnected&quot; != &quot;&quot; ]; then&#xA;     exit 9&#xA;   fi&#xA;   &#xA;    isnotconnected=`echo $result | grep -E &quot;No Repositories Available to Set Up&quot;`&#xA;   if [ &quot;$isnotconnected&quot; != &quot;&quot; ]; then&#xA;     exit 9&#xA;   fi&#xA;    isnotconnected=`echo $result | grep -E &quot;Error Class Code: 9 Error Class Info: Invalid System Credentials&quot;`&#xA;   if [ &quot;$isnotconnected&quot; != &quot;&quot; ]; then&#xA;     exit 9&#xA;   fi&#xA;    isscriptletfailed=`echo $result | grep -E &quot;error:&quot; | grep -E &quot;scriptlet failed, exit status 255&quot;`&#xA;    if [ &quot;$isscriptletfailed&quot; != &quot;&quot; ]; then&#xA;     exit 6&#xA;   fi&#xA;   if [ $status -ne 0 ];then&#xA;     exit 7&#xA;   fi &#xA; fi&#xA;}&#xA;updatepk nscd  &#xA;&#xA;exit 0" />
          </Args>
        </Cmd>
      </Cmds>
    </Patch>
  </Patches>
  <PublishDate>2017-06-19T00:00:00.0000000</PublishDate>
  <Title>Important: glibc security update</Title>
  <Description>An update for glibc is now available for Red Hat Enterprise Linux 6. 
 
 Red Hat Product Security has rated this update as having a security impact of 
 Important. A Common Vulnerability Scoring System (CVSS) base score, which gives 
 a detailed severity rating, is available for each vulnerability from the CVE 
 link(s) in the References section. 
 The glibc packages provide the standard C libraries (libc), POSIX thread 
 libraries (libpthread), standard math libraries (libm), and the name service 
 cache daemon (nscd) used by multiple programs on the system. Without these 
 libraries, the Linux system cannot function correctly. 
 
 Security Fix(es): 
 
 * A flaw was found in the way memory was being allocated on the stack for user 
 space binaries. If heap (or different memory region) and stack memory regions 
 were adjacent to each other, an attacker could use this flaw to jump over the 
 stack guard gap, cause controlled memory corruption on process stack or the 
 adjacent memory region, and thus increase their privileges on the system. This 
 is glibc-side mitigation which blocks processing of LD_LIBRARY_PATH for programs 
 running in secure-execution mode and reduces the number of allocations performed 
 by the processing of LD_AUDIT, LD_PRELOAD, and LD_HWCAP_MASK, making successful 
 exploitation of this issue more difficult. (CVE-2017-1000366) 
 
 Red Hat would like to thank Qualys Research Labs for reporting this issue. 
 
 Note for remediation: Please disable the SELinux for RHEL 4/5 when repairing, or some rpm packages will fail to install.</Description>
  <Severity>2</Severity>
  <Vendor>Redhat</Vendor>
  <MoreInfoURL>https://rhn.redhat.com/errata/RHSA-2017-1480.html</MoreInfoURL>
  <FAQURL />
</Vulnerability>