<?xml version="1.0"?>
<Vulnerability xmlns:xsi="http://www.w3.org/2001/XMLSchema-instance" xmlns:xsd="http://www.w3.org/2001/XMLSchema" Lang="INTL" Vul_ID="RHSA-2017-1495" Revision="1" CVE_ID="CVE-2017-5087,CVE-2017-5088,CVE-2017-5089">
  <Status>Enabled</Status>
  <Patches>
    <Patch UniqueFilename="*chromium-browser-59.0.3071.104-1.el6_9.i686.rpm" Silent="CRSNo" Reboot="RNo" Download="DManual">
      <Name>chromium-browser-59.0.3071.104-1.el6_9.i686.rpm</Name>
      <Comments />
      <URL />
      <State>Enabled</State>
      <Files>
        <File>
          <Path>chromium-browser::i686</Path>
          <FileDate>0001-01-01T00:00:00.0000000</FileDate>
          <FileSize>0</FileSize>
          <Checksum>5f2cf1ab1a52fc5a9bc27bbcbe6fd8ac</Checksum>
          <Version>59.0.3071.104-1.el6_9</Version>
          <CommandID>e</CommandID>
          <Flags>P</Flags>
        </File>
      </Files>
      <Products>
        <ID>53073</ID>
      </Products>
      <Platforms>
        <ID>rhel6</ID>
      </Platforms>
      <CustVars />
      <Cmds>
        <Cmd Type="shellscript">
          <Args>
            <Arg N="scriptcode" V="#!/bin/bash&#xA;&#xA;function updatepk()&#xA;{&#xA; if [ ! -z $1 ]; then&#xA;   if [ -e /var/run/yum.pid ];then &#xA;    exit 10  &#xA;   fi&#xA;   result=`yum -y update $1 2&gt;&amp;1` &#xA;   status=$? &#xA;   commandexist=`echo $result | grep -E &quot;yum: command not found&quot;`&#xA;   if [ &quot;$commandexist&quot; != &quot;&quot; ]; then&#xA;     exit 8&#xA;   fi&#xA;   &#xA;    commandexist=`echo $result | grep -E &quot;yum: No such file or directory&quot;`&#xA;   if [ &quot;$commandexist&quot; != &quot;&quot; ]; then&#xA;     exit 8&#xA;   fi&#xA;   &#xA;   islock=`echo $result | grep -E &quot;lock /var/run/yum.pid&quot;`&#xA;   &#xA;   if [ &quot;$islock&quot; != &quot;&quot; ]; then&#xA;     exit 10&#xA;   fi&#xA;   &#xA;   islock=`echo $result | grep -E &quot;/var/run/yum.pid: another copy is running&quot;`&#xA;   &#xA;   if [ &quot;$islock&quot; != &quot;&quot; ]; then&#xA;     exit 10&#xA;   fi&#xA;   &#xA;   isnotconnected=`echo $result | grep -E &quot;There was an error communicating with RHN&quot;`&#xA;   if [ &quot;$isnotconnected&quot; != &quot;&quot; ]; then&#xA;     exit 9&#xA;   fi&#xA;   &#xA;   isnotconnected=`echo $result | grep -E &quot;This system is not registered with RHN&quot;`&#xA;   if [ &quot;$isnotconnected&quot; != &quot;&quot; ]; then&#xA;     exit 9&#xA;   fi&#xA;   &#xA;    isnotconnected=`echo $result | grep -E &quot;No Repositories Available to Set Up&quot;`&#xA;   if [ &quot;$isnotconnected&quot; != &quot;&quot; ]; then&#xA;     exit 9&#xA;   fi&#xA;    isnotconnected=`echo $result | grep -E &quot;Error Class Code: 9 Error Class Info: Invalid System Credentials&quot;`&#xA;   if [ &quot;$isnotconnected&quot; != &quot;&quot; ]; then&#xA;     exit 9&#xA;   fi&#xA;    isscriptletfailed=`echo $result | grep -E &quot;error:&quot; | grep -E &quot;scriptlet failed, exit status 255&quot;`&#xA;    if [ &quot;$isscriptletfailed&quot; != &quot;&quot; ]; then&#xA;     exit 6&#xA;   fi&#xA;   if [ $status -ne 0 ];then&#xA;     exit 7&#xA;   fi &#xA; fi&#xA;}&#xA;updatepk chromium-browser  &#xA;&#xA;exit 0" />
          </Args>
        </Cmd>
      </Cmds>
    </Patch>
    <Patch UniqueFilename="*chromium-browser-59.0.3071.104-1.el6_9.x86_64.rpm" Silent="CRSNo" Reboot="RNo" Download="DManual">
      <Name>chromium-browser-59.0.3071.104-1.el6_9.x86_64.rpm</Name>
      <Comments />
      <URL />
      <State>Enabled</State>
      <Files>
        <File>
          <Path>chromium-browser::x86_64</Path>
          <FileDate>0001-01-01T00:00:00.0000000</FileDate>
          <FileSize>0</FileSize>
          <Checksum>df2a56638ee62b34ec9a7528d8a64c9f</Checksum>
          <Version>59.0.3071.104-1.el6_9</Version>
          <CommandID>e</CommandID>
          <Flags>P</Flags>
        </File>
      </Files>
      <Products>
        <ID>53073</ID>
      </Products>
      <Platforms>
        <ID>rhel6_x86_64</ID>
      </Platforms>
      <CustVars />
      <Cmds>
        <Cmd Type="shellscript">
          <Args>
            <Arg N="scriptcode" V="#!/bin/bash&#xA;&#xA;function updatepk()&#xA;{&#xA; if [ ! -z $1 ]; then&#xA;   if [ -e /var/run/yum.pid ];then &#xA;    exit 10  &#xA;   fi&#xA;   result=`yum -y update $1 2&gt;&amp;1` &#xA;   status=$? &#xA;   commandexist=`echo $result | grep -E &quot;yum: command not found&quot;`&#xA;   if [ &quot;$commandexist&quot; != &quot;&quot; ]; then&#xA;     exit 8&#xA;   fi&#xA;   &#xA;    commandexist=`echo $result | grep -E &quot;yum: No such file or directory&quot;`&#xA;   if [ &quot;$commandexist&quot; != &quot;&quot; ]; then&#xA;     exit 8&#xA;   fi&#xA;   &#xA;   islock=`echo $result | grep -E &quot;lock /var/run/yum.pid&quot;`&#xA;   &#xA;   if [ &quot;$islock&quot; != &quot;&quot; ]; then&#xA;     exit 10&#xA;   fi&#xA;   &#xA;   islock=`echo $result | grep -E &quot;/var/run/yum.pid: another copy is running&quot;`&#xA;   &#xA;   if [ &quot;$islock&quot; != &quot;&quot; ]; then&#xA;     exit 10&#xA;   fi&#xA;   &#xA;   isnotconnected=`echo $result | grep -E &quot;There was an error communicating with RHN&quot;`&#xA;   if [ &quot;$isnotconnected&quot; != &quot;&quot; ]; then&#xA;     exit 9&#xA;   fi&#xA;   &#xA;   isnotconnected=`echo $result | grep -E &quot;This system is not registered with RHN&quot;`&#xA;   if [ &quot;$isnotconnected&quot; != &quot;&quot; ]; then&#xA;     exit 9&#xA;   fi&#xA;   &#xA;    isnotconnected=`echo $result | grep -E &quot;No Repositories Available to Set Up&quot;`&#xA;   if [ &quot;$isnotconnected&quot; != &quot;&quot; ]; then&#xA;     exit 9&#xA;   fi&#xA;    isnotconnected=`echo $result | grep -E &quot;Error Class Code: 9 Error Class Info: Invalid System Credentials&quot;`&#xA;   if [ &quot;$isnotconnected&quot; != &quot;&quot; ]; then&#xA;     exit 9&#xA;   fi&#xA;    isscriptletfailed=`echo $result | grep -E &quot;error:&quot; | grep -E &quot;scriptlet failed, exit status 255&quot;`&#xA;    if [ &quot;$isscriptletfailed&quot; != &quot;&quot; ]; then&#xA;     exit 6&#xA;   fi&#xA;   if [ $status -ne 0 ];then&#xA;     exit 7&#xA;   fi &#xA; fi&#xA;}&#xA;updatepk chromium-browser  &#xA;&#xA;exit 0" />
          </Args>
        </Cmd>
      </Cmds>
    </Patch>
    <Patch UniqueFilename="*chromium-browser-debuginfo-59.0.3071.104-1.el6_9.i686.rpm" Silent="CRSNo" Reboot="RNo" Download="DManual">
      <Name>chromium-browser-debuginfo-59.0.3071.104-1.el6_9.i686.rpm</Name>
      <Comments />
      <URL />
      <State>Enabled</State>
      <Files>
        <File>
          <Path>chromium-browser-debuginfo::i686</Path>
          <FileDate>0001-01-01T00:00:00.0000000</FileDate>
          <FileSize>0</FileSize>
          <Checksum>7521427c2902f513182c32b0b43d5acf</Checksum>
          <Version>59.0.3071.104-1.el6_9</Version>
          <CommandID>e</CommandID>
          <Flags>P</Flags>
        </File>
      </Files>
      <Products>
        <ID>53074</ID>
      </Products>
      <Platforms>
        <ID>rhel6</ID>
      </Platforms>
      <CustVars />
      <Cmds>
        <Cmd Type="shellscript">
          <Args>
            <Arg N="scriptcode" V="#!/bin/bash&#xA;&#xA;function updatepk()&#xA;{&#xA; if [ ! -z $1 ]; then&#xA;   if [ -e /var/run/yum.pid ];then &#xA;    exit 10  &#xA;   fi&#xA;   result=`yum -y update $1 2&gt;&amp;1` &#xA;   status=$? &#xA;   commandexist=`echo $result | grep -E &quot;yum: command not found&quot;`&#xA;   if [ &quot;$commandexist&quot; != &quot;&quot; ]; then&#xA;     exit 8&#xA;   fi&#xA;   &#xA;    commandexist=`echo $result | grep -E &quot;yum: No such file or directory&quot;`&#xA;   if [ &quot;$commandexist&quot; != &quot;&quot; ]; then&#xA;     exit 8&#xA;   fi&#xA;   &#xA;   islock=`echo $result | grep -E &quot;lock /var/run/yum.pid&quot;`&#xA;   &#xA;   if [ &quot;$islock&quot; != &quot;&quot; ]; then&#xA;     exit 10&#xA;   fi&#xA;   &#xA;   islock=`echo $result | grep -E &quot;/var/run/yum.pid: another copy is running&quot;`&#xA;   &#xA;   if [ &quot;$islock&quot; != &quot;&quot; ]; then&#xA;     exit 10&#xA;   fi&#xA;   &#xA;   isnotconnected=`echo $result | grep -E &quot;There was an error communicating with RHN&quot;`&#xA;   if [ &quot;$isnotconnected&quot; != &quot;&quot; ]; then&#xA;     exit 9&#xA;   fi&#xA;   &#xA;   isnotconnected=`echo $result | grep -E &quot;This system is not registered with RHN&quot;`&#xA;   if [ &quot;$isnotconnected&quot; != &quot;&quot; ]; then&#xA;     exit 9&#xA;   fi&#xA;   &#xA;    isnotconnected=`echo $result | grep -E &quot;No Repositories Available to Set Up&quot;`&#xA;   if [ &quot;$isnotconnected&quot; != &quot;&quot; ]; then&#xA;     exit 9&#xA;   fi&#xA;    isnotconnected=`echo $result | grep -E &quot;Error Class Code: 9 Error Class Info: Invalid System Credentials&quot;`&#xA;   if [ &quot;$isnotconnected&quot; != &quot;&quot; ]; then&#xA;     exit 9&#xA;   fi&#xA;    isscriptletfailed=`echo $result | grep -E &quot;error:&quot; | grep -E &quot;scriptlet failed, exit status 255&quot;`&#xA;    if [ &quot;$isscriptletfailed&quot; != &quot;&quot; ]; then&#xA;     exit 6&#xA;   fi&#xA;   if [ $status -ne 0 ];then&#xA;     exit 7&#xA;   fi &#xA; fi&#xA;}&#xA;updatepk chromium-browser-debuginfo  &#xA;&#xA;exit 0" />
          </Args>
        </Cmd>
      </Cmds>
    </Patch>
    <Patch UniqueFilename="*chromium-browser-debuginfo-59.0.3071.104-1.el6_9.x86_64.rpm" Silent="CRSNo" Reboot="RNo" Download="DManual">
      <Name>chromium-browser-debuginfo-59.0.3071.104-1.el6_9.x86_64.rpm</Name>
      <Comments />
      <URL />
      <State>Enabled</State>
      <Files>
        <File>
          <Path>chromium-browser-debuginfo::x86_64</Path>
          <FileDate>0001-01-01T00:00:00.0000000</FileDate>
          <FileSize>0</FileSize>
          <Checksum>b35a9f6adbf9561efcad0196b0e2a896</Checksum>
          <Version>59.0.3071.104-1.el6_9</Version>
          <CommandID>e</CommandID>
          <Flags>P</Flags>
        </File>
      </Files>
      <Products>
        <ID>53074</ID>
      </Products>
      <Platforms>
        <ID>rhel6_x86_64</ID>
      </Platforms>
      <CustVars />
      <Cmds>
        <Cmd Type="shellscript">
          <Args>
            <Arg N="scriptcode" V="#!/bin/bash&#xA;&#xA;function updatepk()&#xA;{&#xA; if [ ! -z $1 ]; then&#xA;   if [ -e /var/run/yum.pid ];then &#xA;    exit 10  &#xA;   fi&#xA;   result=`yum -y update $1 2&gt;&amp;1` &#xA;   status=$? &#xA;   commandexist=`echo $result | grep -E &quot;yum: command not found&quot;`&#xA;   if [ &quot;$commandexist&quot; != &quot;&quot; ]; then&#xA;     exit 8&#xA;   fi&#xA;   &#xA;    commandexist=`echo $result | grep -E &quot;yum: No such file or directory&quot;`&#xA;   if [ &quot;$commandexist&quot; != &quot;&quot; ]; then&#xA;     exit 8&#xA;   fi&#xA;   &#xA;   islock=`echo $result | grep -E &quot;lock /var/run/yum.pid&quot;`&#xA;   &#xA;   if [ &quot;$islock&quot; != &quot;&quot; ]; then&#xA;     exit 10&#xA;   fi&#xA;   &#xA;   islock=`echo $result | grep -E &quot;/var/run/yum.pid: another copy is running&quot;`&#xA;   &#xA;   if [ &quot;$islock&quot; != &quot;&quot; ]; then&#xA;     exit 10&#xA;   fi&#xA;   &#xA;   isnotconnected=`echo $result | grep -E &quot;There was an error communicating with RHN&quot;`&#xA;   if [ &quot;$isnotconnected&quot; != &quot;&quot; ]; then&#xA;     exit 9&#xA;   fi&#xA;   &#xA;   isnotconnected=`echo $result | grep -E &quot;This system is not registered with RHN&quot;`&#xA;   if [ &quot;$isnotconnected&quot; != &quot;&quot; ]; then&#xA;     exit 9&#xA;   fi&#xA;   &#xA;    isnotconnected=`echo $result | grep -E &quot;No Repositories Available to Set Up&quot;`&#xA;   if [ &quot;$isnotconnected&quot; != &quot;&quot; ]; then&#xA;     exit 9&#xA;   fi&#xA;    isnotconnected=`echo $result | grep -E &quot;Error Class Code: 9 Error Class Info: Invalid System Credentials&quot;`&#xA;   if [ &quot;$isnotconnected&quot; != &quot;&quot; ]; then&#xA;     exit 9&#xA;   fi&#xA;    isscriptletfailed=`echo $result | grep -E &quot;error:&quot; | grep -E &quot;scriptlet failed, exit status 255&quot;`&#xA;    if [ &quot;$isscriptletfailed&quot; != &quot;&quot; ]; then&#xA;     exit 6&#xA;   fi&#xA;   if [ $status -ne 0 ];then&#xA;     exit 7&#xA;   fi &#xA; fi&#xA;}&#xA;updatepk chromium-browser-debuginfo  &#xA;&#xA;exit 0" />
          </Args>
        </Cmd>
      </Cmds>
    </Patch>
  </Patches>
  <PublishDate>2017-06-19T00:00:00.0000000</PublishDate>
  <Title>Important: chromium-browser security update</Title>
  <Description>An update for chromium-browser is now available for Red Hat Enterprise Linux 6 
 Supplementary. 
 
 Red Hat Product Security has rated this update as having a security impact of 
 Important. A Common Vulnerability Scoring System (CVSS) base score, which gives 
 a detailed severity rating, is available for each vulnerability from the CVE 
 link(s) in the References section. 
 Chromium is an open-source web browser, powered by WebKit (Blink). 
 
 This update upgrades Chromium to version 59.0.3071.104. 
 
 Security Fix(es): 
 
 * Multiple flaws were found in the processing of malformed web content. A web 
 page containing malicious content could cause Chromium to crash, execute 
 arbitrary code, or disclose sensitive information when visited by the victim. 
 (CVE-2017-5087, CVE-2017-5088, CVE-2017-5089) 
 
 Note for remediation: Please disable the SELinux for RHEL 4/5 when repairing, or some rpm packages will fail to install.</Description>
  <Severity>2</Severity>
  <Vendor>Redhat</Vendor>
  <MoreInfoURL>https://rhn.redhat.com/errata/RHSA-2017-1495.html</MoreInfoURL>
  <FAQURL />
</Vulnerability>